x_km,y_km,z_km
1.4193869678165556,1.1773156654474324,1.6432363998707893
-0.16770340859738297,1.0542764054197322,1.1150170120643303
-2.2309210363710843,-2.2137896907935746,1.6165434700348191
-1.0362489755171833,-1.9708878226367106,0.7558681367043174
1.0760009059972049,-0.13531974654704237,1.0531755033497847
-0.9705192638988662,-1.4497517465549414,0.9807548676710645
-0.12765307282615268,0.283159732510172,1.0492455378295724
-0.09765728140332497,-0.8985578693780689,1.915765722632482
