x_km,y_km,z_km
-1.2024702517845314,0.6094229294196634,0.30045024186523794
-2.36707552967504,-1.2324147749623644,0.3167073456800338
1.056715984089871,-1.958455462289671,0.44455548649717547
-2.307476466543833,-0.3587807356642312,0.5067175059047413
-1.5993848251973386,1.265903239382645,0.15620864146193614
-0.3157955231768774,-2.102405130685665,0.21682894954366883
1.9053214530187867,-1.3673362141097205,0.2708766882524103
-1.1589256634332967,-1.7513806683791877,0.5733561654676658
