x_km,y_km,z_km
1.8421592691849638,0.7550787502914806,1.2116505970236464
2.2428851751584213,-1.1003251852055718,1.3325051720481633
1.349237939294945,-0.375896398800859,1.1068924279457435
1.708426674096435,0.5232807739679428,1.790159391653843
0.6261247962187482,-0.02475625545584581,0.7068408875754151
1.7496768863285777,-1.0215041480288989,1.6440271090963712
1.5982143849989,-1.904029864046239,1.1042718892811754
1.2581945770714413,-0.9455484920327777,0.4291612048658522
