x_km,y_km,z_km
-1.8465422152374222,0.913731718020129,1.0755591311007324
-1.6314064654074705,0.7590350908277927,0.547224716068883
0.33266495999020496,0.4987452115884299,1.2154236756177736
0.46760831787908774,-0.5206823144446049,0.46766552611545364
2.0696856394866643,1.2357407569523655,1.1154810953409176
-0.26456146948896375,0.4331497691149302,0.5132489126241899
0.762003394708664,1.358472889439435,1.4842295066864437
-2.441858217696799,0.31063065554968805,0.09519631841796006
