x_km,y_km,z_km
-0.8440734642422671,2.0153874751426617,0.38588311207002013
0.10975627481137717,-1.6968047372486312,0.9069402016085097
0.9770542615899225,0.4383851040134572,1.0687289279883465
1.0509034902673347,1.2589683200441204,1.2662214764981747
1.8249488025365226,0.7982042998456134,1.5831050964952604
-1.0516990255684826,0.6749310151495527,0.9850426808438444
-2.0443134462973966,-0.1183058075987713,1.443685521400762
0.009462155243238346,-0.27854002588432136,0.6253058589140101
