x_km,y_km,z_km
-1.0534982338928434,-1.5686451732598776,1.6115527516578503
0.09671304619740173,-0.9564405914953804,1.507226506799324
1.0603105428339559,-1.3008001202252928,1.057258563657936
2.45842963724931,-0.39142547834370367,0.4684280395319722
1.6165897787589198,-1.1658464609738788,0.10057885575121417
0.17482087709640837,-1.115570094585268,1.6584035415288745
-0.5141615257396044,-1.403125217981338,1.4875138272130453
0.07117949097823573,-0.9157732805725187,0.9301205656353511
