x_km,y_km,z_km
-2.3370879687233193,-1.8417428348551523,1.5410428661434767
-1.1487405916503823,-1.3302196223717448,1.7497529938769065
1.4886421752392343,-1.4328127445423093,1.0556485799717843
0.325238877642287,-0.9283723619186435,0.901330500903855
-1.4127304081724472,-0.19612534308158747,0.48802771673280665
-0.13953894355080276,-1.098126324485702,0.7743839828506034
2.219782018436347,-1.5894595360147217,0.843121656360045
-0.8955836864333055,-0.45434794053634153,1.7293504025997273
