x_km,y_km,z_km
-0.5213301949208944,0.2786763166916195,0.7782033556755672
-0.5526690459364181,0.3079947247199111,1.1081833026794783
0.058186597094835424,0.5722320316118248,0.32726267706928236
-0.9650943255425077,1.1622051526740989,0.8747803689013955
0.663408447590303,0.8130147267064385,1.3018113956948472
0.00014180119765550003,1.1447569696671507,0.6875240877249742
-0.4613248074698735,-1.019366897420904,1.5159915589504824
-0.622022378979229,-1.6436082349871484,0.22600940493720345
