x_km,y_km,z_km
-0.6659130375686755,-1.0261637166768878,1.5616658661418945
0.1731002901449319,0.06075352896600483,0.39542339500962953
-1.3812284879135777,-1.9031283244348707,0.8494218559022395
-0.012861327929170496,-0.05467665343964523,0.8904341498977348
-1.3838985355588018,-1.3281379057761122,0.49709599542756
-0.15809785127796339,0.3409805994512154,0.04391523500069794
1.4929955912550357,0.7585782728361243,0.4662618735290711
1.0547995849916267,-0.0397153679534048,0.32914263986506764
