x_km,y_km,z_km
0.8946059854323574,2.4885339219402507,0.7220128700868849
1.724196679129423,0.17800107825091827,0.839113797554853
2.208347691552463,2.137368248488161,1.0488771780315278
0.7615679891256688,-0.4374695070139243,0.19770556016272223
1.9962638023752621,-1.5792859408515088,1.714593570872537
1.7986244964648606,0.6046103028086245,1.4996905787606964
1.0507772247180998,1.499113247521155,0.7645207540759456
1.6720637543467367,-1.4140368485433152,0.33074324851678205
