x_km,y_km,z_km
0.7314461502163971,0.47782080751680667,0.18689870976562162
0.7240863611978732,1.80439886654416,0.35265892476162075
0.0632604040981457,0.8293957117561797,0.6812073460338484
-1.4372255552461595,2.1067450607578113,0.5537128398209354
0.9431170094815888,-0.49730192658438366,1.135568643697734
-0.2515265882461808,-0.8377966550096627,0.7786218003982808
-1.3031606474820534,2.168030905790906,1.0404783625473117
-0.8879672217743328,1.3252305721503506,0.41943156753809574
