x_km,y_km,z_km
0.9553877430549256,0.2818952355218758,1.2883522767875817
-0.27399054583897975,-0.030789689008302368,1.44225437060745
0.9534765824261502,0.06924546132499598,1.9611247927728108
2.4680422047534503,1.3514725982614606,1.0604272991603025
0.3123615691958639,-0.22192376452503026,1.6237140408499275
0.8098620077585532,-1.048689341274716,1.5820879107851706
-1.1077137352843396,-0.5506823110753949,1.4074859304754639
1.1266117437835481,1.4977056183169468,0.9189590719344336
