x_km,y_km,z_km
-0.8296125742843774,-0.867648946168259,1.401426126754809
0.04473548743280453,-0.2194922020501675,1.5401508924221259
-1.3109261045950715,-1.8225297952990327,1.3870791506032152
0.12856516397931994,0.6750219862762892,1.883046472825631
-1.6767217024266827,-1.8180984305295795,1.0359366462253516
-0.6068506179127375,-2.1617524309474567,1.3473550967413164
1.1544117796906974,0.6154307243318788,1.442403038386516
0.17787463788818725,0.01750340320214061,1.8969244196132207
