x_km,y_km,z_km
0.9224137262604644,-0.020705716025522847,0.23637689322459443
0.729928275334419,-2.3044978577093937,0.44956554163235185
1.4180638024193524,-1.7539648291058973,0.02113266854463025
1.9514211234943604,-2.2178135426092362,0.8624402585673194
1.019611436738085,-1.6843273167428208,1.6899084114217475
1.1704110434256867,0.47830409814359776,1.0579672036150631
2.08066653489477,0.7129604022217944,0.4493248785645372
1.0256213029402113,-1.0052765910854649,0.7088599817225056
