x_km,y_km,z_km
-0.7778018908838613,-1.900064413684892,0.5906525753125327
0.008678458773838216,0.7448535568998853,0.6530672560838588
-2.3447024252071276,-0.6820896207657801,0.6262894051582473
0.5663194606336797,-0.78393957852398,1.4336324963092892
-0.773747358354961,-0.9809808047318513,1.395721478073125
-1.916809363991066,-1.5872069148127188,1.2621554416295073
0.7226768102202041,-1.0696845064541105,1.400126139697038
0.8291985581278016,0.4895611460872651,1.2320478306998197
