x_km,y_km,z_km
1.9065001614822163,1.7722539132747137,1.059150364535239
-0.35971381636706923,1.5132998706008198,1.5205895690135798
-0.48976658580529975,-0.7303723759871972,1.4676738355929222
-0.7539515061865592,0.6575679983066345,1.0775551866090467
0.972292315836452,2.437884705962637,1.1686074599610048
0.8172400991307804,1.2710864599636666,0.8841159417172646
1.9863300974944078,1.8681765677187077,0.023708651468437703
-0.43518073043655914,1.2777022977649581,1.0555791379145296
