x_km,y_km,z_km
0.2283086828685943,-1.0214900012526107,1.07232717677187
1.672050875609095,-0.27655684900237354,1.2034290507429417
1.7231991074184485,1.0039335443977935,0.8633006868605988
1.1118102718102856,-1.201325789290626,1.0685000904758786
0.11204563159673153,-0.8981412450285065,1.3042773445390812
-0.8999248621047213,-0.7272833721875804,1.3164059176381513
-0.3997833975712588,0.33031036971615624,1.3040367245938635
-1.303790808695466,-0.13530002836662547,1.0527280084713702
