x_km,y_km,z_km
-0.1565738632734659,1.679468393498623,1.2221637950151536
0.6441407809254303,2.2787212831445043,1.9433194801975027
0.6074066759770718,1.9281345389266669,1.5634866250419857
-0.7007585673841614,0.18176155224498647,0.4825968690843052
1.1316311338486615,0.6032077444601462,1.2552592088283465
-0.16014969659918554,-1.6480502274119113,0.8855515625689623
-0.41500089510257077,0.8286080472674229,0.018641371104041182
-1.033196801969745,-0.7503950174058271,0.6420579591717803
