x_km,y_km,z_km
0.24037254337416147,-0.8948461460468216,0.8497121713566105
-0.6049283234545533,1.117094550305897,1.441732055477326
0.35318829506677485,1.073633505400522,0.6824608597689117
-0.9856270064283434,-1.0734277906753258,0.3882043565682165
-0.8210100539993603,0.8473697246427845,1.438859758572269
-1.9557688449278672,0.8298097219597942,1.4417043468065698
0.10456362096509153,0.09755212974750194,1.056125012360284
-0.877943883229626,2.1476107377385727,0.7808698593762131
