x_km,y_km,z_km
0.22336634488789686,-1.3750266668548723,0.690234943452148
-0.08962436755143299,0.6661780788156935,1.0237535519310477
1.6884694900727784,-1.442216643386725,1.5656701725515576
2.0247857412814056,1.115466086063769,1.9405062565366489
0.31172030096317194,0.43882505358986545,0.01828351652645699
1.327066170638476,-0.4094559062167731,0.6088868616006462
1.6645799625391025,-0.8018756922016279,1.8066095631059536
1.4641736811008492,0.5339920692627569,0.9982938096044347
