x_km,y_km,z_km
-1.7301604893801197,-1.4735022744253885,1.3330873908709588
0.5047961875683331,1.220179954580546,1.6542938206705704
-2.3335606853877744,0.7004175116609428,0.796742600294071
0.34771881654923664,-0.5460670940727836,0.7739692277862367
-0.4403467667327039,-1.390722804281515,0.9695832706363474
-0.9259876793876161,1.039984771741044,0.5876053303630486
-1.1340897338990585,-0.16714735735468844,1.2403492973202925
0.8413013590368439,0.6539713487628038,0.5793596813048896
