x_km,y_km,z_km
-1.5759675376460414,-1.600497304517472,0.7150464780319841
-0.6539451409900732,-0.34980622679373896,1.1664208742917472
-1.2634126394929157,1.1796086546939688,1.6463505384071457
-0.46896157111262937,1.2969153665603632,1.713162308024017
0.023497497376134824,-1.0389449273749085,0.11905319092441746
-1.859283964871683,0.0006773558892785303,1.4690492783658975
-1.863177729219005,0.8178774654673489,1.1529936810332395
-2.31035832939628,-1.1579377654100675,1.5575593628921018
