x_km,y_km,z_km
0.02238021392955236,1.896158420548443,0.11143710290625686
-0.05317028187646855,-0.2654066804906736,1.08830949385515
-1.0086338096999032,-1.2131962511985672,1.7552662145405795
-0.06730276905735888,-1.1373528165580922,1.5349175809068458
-0.019020379650343422,-0.3715913170957883,1.9553951411042088
1.163282165416236,-1.1640827200655313,0.9164524481645426
-0.31177054995083386,-0.35859488284245167,0.16806554748051172
-0.1924412677398628,0.6727166752362681,0.49951057721513803
