x_km,y_km,z_km
-1.3315416636260968,1.6816179744648032,1.945345116865542
-1.7012494513341259,1.02748149223532,1.0999522446965566
-0.06518222174351074,-0.9714515816650255,0.19895731645139825
-0.7212343350143051,0.825265648956969,1.3569851374835378
-2.35434518706455,1.8530453276008592,0.5805620283134048
-2.3368303864572972,1.8716816106523195,0.5493102574577149
-0.8590165015343043,0.24345957552744135,0.5775277965445609
-1.1658010428408183,-0.4568376365312101,0.03215071741839837
