x_km,y_km,z_km
0.842228902076779,-1.6516935898251632,1.2794678244341535
0.4459990837523877,1.8284204979220071,1.2976758249535432
2.3715425531580836,0.5371755219887095,0.4070317585750314
0.549433758582043,0.820977144179245,0.8135584377050273
1.2447912257760456,2.1638468368763792,1.1516928641652637
0.5277481009208156,-0.32279087102545834,1.546347798101618
1.0571407141235145,1.2061956565507224,0.575831600598222
0.12819291805653155,1.907919813120773,0.17405605873831642
