x_km,y_km,z_km
1.2803110020196207,1.6453762332805875,0.5714752509243217
1.6012724366326152,1.215388018005216,1.162811953469218
0.711118766274736,0.008740213974054445,0.7222989168945724
0.2326771354140984,0.7617022904607329,1.4405180713303352
1.0085687847731215,0.8835647021386093,1.902085365514091
1.2474821576386663,0.4522202557260453,1.3603479988666798
2.1900411339004773,2.3389131505557073,1.6291014279774143
1.354947518341434,0.8252885706313458,1.368209691065566
