x_km,y_km,z_km
0.632679025586758,-0.4154104836075909,0.9740073957366564
-0.5003453068362913,-0.7186218457863935,1.6147856426228242
-0.0584326607994079,1.0277231902424488,0.6085003390422299
-1.349184132080421,1.4954113119185397,0.6395979257652225
-1.0217116159871353,-1.5808440750812147,0.8322041387668944
0.3267643736187691,0.09344589247284851,0.8886931798386211
2.439705157772604,-0.6193868519572026,1.9168633809126132
1.6869781969128885,-0.9939083734028464,1.4960481765683182
