x_km,y_km,z_km
-0.2752055818858077,0.6293165470135702,0.7597807967822665
-0.14807579349800415,1.366747460996022,1.408265585465867
-1.4108814557477007,0.19922313316652884,1.508610877290258
-1.4119616141674225,2.0357153375597736,0.5528812025073906
-0.7836230495680041,1.0140289403697462,0.3645311265258522
-1.7688959306551388,1.362045387891269,1.365651685243469
-2.142170275790825,-0.41115653438327016,0.9089325857032966
0.6610492970929052,0.5488668661850413,0.26183636444159286
