x_km,y_km,z_km
-0.9384801211617155,-2.1486455697600864,1.5860015603866915
-2.3790875972396517,-0.7672166603461745,1.1684260962018869
-1.665663033634976,-0.7273020637267229,0.7803509802679285
-1.028589508068256,-2.089843591076262,0.9941706416928451
-2.2690694379703746,0.6534509865604137,0.8587723569431489
-2.0899799761716515,1.549747108152121,0.07934533884287531
-0.5860514854908412,-0.599100345510104,1.1923445268276556
-1.5640159856279117,-1.4815999068376677,0.02463119405874603
