x_km,y_km,z_km
0.10713284548013036,-0.8070484862335077,1.4664398416477251
-1.0673376829159664,1.62498814901768,0.3444687695911177
-1.0540410704469245,0.06960557151002611,1.323265532245518
0.32769229751339424,-1.2076521393029382,0.7385502810826983
0.7040377602131462,-2.215463716744237,1.3362060138413427
-0.8296371207326985,0.8326338349139211,1.6905139739052006
-1.4753866448727904,-0.6222412133597417,1.5749849350215948
0.05144613531255793,1.1778361300870595,0.7274077471730003
