x_km,y_km,z_km
-0.5056851023204518,0.5026235216708415,0.8126966926824923
-1.1427918622707383,-1.3231692619489173,0.7198790921068077
-1.8192201857087946,-1.8351924201673708,1.8243508183394594
1.7269676737595212,0.8646686186197199,0.5757303608277347
1.7624056474662284,-0.35830043902274333,1.2596881010483014
-0.2838742235947751,-0.41918730182359454,0.827855399127325
-2.202219694801169,-1.8185536919873302,0.11617810426797792
0.5953388060936704,0.3976216030132007,1.6511129549002888
