x_km,y_km,z_km
1.509958082921286,-0.5142392218609593,1.9262156756937068
1.240700267788426,2.3067418078407806,1.1825146467187002
0.08798792673234246,1.654726633788271,1.6029557591000014
1.733181903559859,1.4816485440945337,0.6998063336672609
1.7096138353752268,0.27375150817836635,1.651799604762957
2.1923593120843874,0.6730409989322443,0.916646248028828
-0.16812595156580645,2.1242181330510848,0.39495676587362505
-1.1473241137000993,1.4947544978087368,0.5982525925227529
