x_km,y_km,z_km
0.766287284487237,-0.06963032962731086,1.7753106236689948
0.05443062230037832,0.8795107062516911,1.4914931941506318
1.7147568029745468,-0.40311349309250444,1.3698525245123727
1.0597364425769134,0.2308975496146175,0.15318800980426905
-0.8176766740231649,0.26810431478471397,1.5965191634440923
0.6378785071052113,0.7940034555232227,1.384514792823795
-1.5353998621499743,0.6659885660740783,1.6666248696050845
-0.8458413458157805,1.3549592803787744,0.5571850846922803
