x_km,y_km,z_km
0.8620787012625328,1.4065135502000983,0.48449432917417234
2.362405481280833,-1.304094700788763,1.2570191830194883
0.9986465435481091,-0.9350331106368603,0.8261049734795944
0.12945148994832945,-0.4641358760232226,0.5510426072372545
1.1397573469321913,-0.4615743173287754,1.5001951800951507
-0.6079820247596113,-1.6932926140312703,0.5775428249267813
-1.042070117546014,1.3010457988845459,0.8573066156686244
-0.31515047514523875,0.4941261069833365,0.5935277454159273
