x_km,y_km,z_km
1.9312651195117985,-0.23603816229776076,0.25555023715154546
1.280286518282297,0.9533104755534252,1.3012310684391672
1.8624105695266557,1.9411042588984877,0.7749561449396027
1.9540163257469736,1.1119044305514931,0.1589473772711254
0.593155638806925,1.4038499899999293,1.2796344326749536
-0.20710775195202213,0.6134277172164184,1.2102197735774178
0.12767125282253255,-0.7225530913218858,0.1911626194939804
0.707218064968655,-0.36155014059804813,0.9539382949654676
