x_km,y_km,z_km
0.021805302795089965,1.2166928176871195,1.842030132791872
-1.6843036024395674,1.473300474708373,1.9902166888799033
0.04515580048559009,1.2955950355327586,1.310964020882556
-0.8764595153373071,2.0954293932711376,1.238036445289719
-1.2285096543518486,0.09266896901212629,0.6648482590285443
0.7628044575471993,1.804215307511888,0.6823378283017278
-0.8099725850597412,2.039311796426916,0.30438532396704776
-0.9856589481027793,0.9002837593082469,0.5212090439302277
