x_km,y_km,z_km
2.2783697434002024,-0.9313277831908802,0.3445855705487073
-0.33081425735665304,1.449221460634143,0.06306405212722765
0.14476733247009976,-0.6933688891688532,0.8086513967027524
-0.623697412159812,-1.6612881013414755,0.2899598043132021
0.7193866254394461,1.0793214758499694,1.320965657078365
1.147729213454502,-1.0565917149186455,0.2022965380240891
-0.5011347349873962,0.6759768413386973,0.6478276697265926
-0.14347831013908463,-0.01391609279170547,0.05446709334191002
