x_km,y_km,z_km
2.1733237349063375,1.3302504073871169,0.4995251483289318
1.3224664477622765,-0.6257946342121745,0.4497468337631465
0.8584331564758814,0.5489230018622395,0.0775740578283024
-0.04258276241548398,-1.875469151273511,1.9910691250451305
1.802869446129586,0.07798788538080847,0.5092540903271308
0.9085476710253544,-1.476921568899889,1.783000698718975
1.4398707609620858,0.5444182188430338,0.07897139405907883
0.6334717976465858,-0.35662206522170337,1.0192433038731525
