x_km,y_km,z_km
1.6421942930697178,1.9103329951958434,0.10392977898869038
0.25298595943388147,1.7046696292692607,0.12066731887139626
1.151059295096121,-0.7180285928874708,0.9746270022047034
-0.42423691502767547,-1.2359477917835466,0.4097729394950915
-0.9174130874446136,2.2876508978238466,0.4476002127123251
1.2436043910672572,-0.7635802954959792,0.0836560460996667
0.3942995421460709,0.331386687597504,0.6360009546437788
0.1382809589719951,-1.5480264760541096,1.1361678476037362
