x_km,y_km,z_km
0.5076728977332792,1.060561192472362,0.8034545107040894
-0.6276974462912928,1.8213309351727416,0.6772016480983918
0.9784526128137268,1.9124675105590248,1.1438751380848926
1.7047710817803203,0.2508621143664618,0.9800376126647041
-0.14632129843130226,0.18296056924309356,0.8935700574784187
1.7602032979775313,0.0541438488333954,1.3030711087085538
-0.9577186741458839,0.43250873406408363,0.01761645847637716
0.13434597749718113,-0.7305639925237277,0.4122623406515229
