x_km,y_km,z_km
1.265622879557975,1.3274174550031375,1.155465111973729
1.1614116525539604,0.1711742169781978,1.2684357347325874
0.9092697624539383,1.1041463137039234,1.6407813100221211
0.30400823586043124,0.9453575517908686,1.7175293523741602
-0.6105582522696991,-1.130082781086048,1.6304932825610976
2.22262456826342,2.0511427897403696,1.4397300949781613
-0.281297134417545,-0.13228278408342398,1.913318159517487
0.8224534092847522,2.0872247349289923,0.04420583287954005
