x_km,y_km,z_km
-2.194579850173329,2.007584275633554,0.23812742219885008
1.130529398804005,2.195093403552791,0.06830248173674969
0.7957986552227014,1.4167104241839965,1.2391863511180734
-0.3101999786409877,0.7940153255549487,1.1508955584795633
-1.3172769185326472,1.599143064664574,0.8060814462698986
1.4099733752101047,1.901810416892399,0.9103670417971257
0.5188923622209769,2.1890967799229104,1.2679514397895404
-0.677360016309918,1.7458474253323581,1.7432674913954163
