x_km,y_km,z_km
0.7726056281233742,-0.7479504992891162,0.001752264220546973
0.31737921779030565,1.0592332767795982,0.9962266416821364
0.07235121813900314,1.5519082194986336,1.2873475812798656
-2.2748952474103676,-0.9209055708471707,1.8688341955090066
-0.8853360994411485,0.0946332801565668,1.1633941308340323
1.8645326273724603,-1.0595798641571308,0.3633285401004933
-1.1030634637959524,-0.49745334788080875,1.6472945574732676
0.280044565492632,-0.2311979753197564,0.6714938077339017
