x_km,y_km,z_km
0.5451298018622004,0.33111357079172565,0.17783310665607122
2.1521377315269623,1.44454863997976,1.437098642722133
1.3154555600755642,-2.2945469004385455,0.7247903306125181
2.3007447673057797,-1.4829894363731178,0.7092972017796568
0.9167230659989389,1.303180882982378,1.1804908030280048
-0.12138922861127277,0.4817961565502138,1.5542483010683779
0.04827867868176794,-0.5024459764504885,1.6300981064762639
0.19718687386181033,-1.6917827382935025,1.3897917453523612
