x_km,y_km,z_km
-1.6764779222357074,-0.5823766979126894,0.6627739772411498
-1.9829578769039846,-0.5052633433296556,0.4882964479018168
-0.9223800343891679,-1.2306135434222598,0.784365386580667
1.6873669783809575,-1.4476853589831906,1.1683767001634768
-1.5520362594540704,-1.6958358418344188,0.6484203707675122
-0.3555011890319011,-0.5172107329665514,0.1608180135742101
0.5620625603534628,-0.38664452879436606,1.0757517153153078
0.2738676286169781,-1.60400288653405,1.344671913703724
