x_km,y_km,z_km
1.1757022173040128,-0.3300428845092336,1.7525139026000356
1.0288208092493307,0.35471857599307155,0.0772815884796012
1.2506090611058878,-0.6529230026803594,0.7659846902987053
0.10250343868126421,-2.062737785979198,1.044926344110928
1.9134545515129977,0.8581275332335183,1.6956899099365004
0.7774692880854461,-1.3453456427268173,1.2327077699389797
1.5171940998009337,0.8016905231662976,0.5730846710123454
0.1808328868873721,0.47561054163805183,0.7551081392418524
