x_km,y_km,z_km
0.7196330180676975,-0.24180639893138256,1.1714213471049626
-1.351408872833348,0.7354313858577477,0.24535044728427802
-1.7204611449047018,-1.0844540815464936,1.6732809807637683
0.44092338175846457,0.8408130290172435,1.6073839697910675
0.9668144685402651,-0.6101473332821357,0.40385973093700755
-0.8055594953450762,0.6585022413768953,1.3487033121457024
-1.4343220491200555,-0.1841145706766616,0.702554474644643
-1.972514795746223,-0.2616082434082423,0.8824499526627507
