x_km,y_km,z_km
-1.3224116507200812,0.598847809906442,1.4315654695340851
-1.9225754711883218,-1.058570098530061,0.8309392672138638
-2.0601015457672545,-0.34095558309768137,1.5852831093601536
1.1738495887659015,1.5794947057576971,1.3216423164884668
-0.4828288164034742,-0.2344267073699049,1.371329861151011
1.3602513155868854,1.3265522357822639,1.5019718179602681
0.7281103689203405,0.10741227078552118,1.5645825669238953
0.008853615877695287,1.1783184574020988,0.5004568831999112
