x_km,y_km,z_km
1.5107381005166696,-1.23427476927721,0.7768745164378366
-1.2390910021341972,-1.817973111451836,0.37989285867758604
-0.3185828968221953,-1.7310588309681725,1.3165857987104514
1.0575277202209095,-1.4205336675787534,0.8564797613160142
-0.7704011945855249,-0.28136301434481537,0.09998528792779204
0.8642850470755152,-0.3292661233724061,0.778001827681188
-0.10122562086874876,-1.3262988635485706,0.2459508766830092
2.3357430448132224,-1.638689016879869,1.5905118607482425
