x_km,y_km,z_km
-0.0320301936810945,-1.0497767754975795,1.3752094787805749
0.8266906554236089,0.21744679027737934,1.0657416586887392
0.4862892695508023,0.6389777614163776,0.582258675284846
1.3026818612057993,-0.10044166623836492,0.17542028479870297
0.26746204011035735,-0.014508238828500275,1.585081907979271
0.024590894215891446,1.3485646919791776,1.5913001197762147
-0.045894036356604495,0.28635016582037,0.36036550406361534
-1.0494935106515362,-0.7149651547180758,1.416024625737018
