x_km,y_km,z_km
0.38871380212035556,0.9695859297610543,0.3113124361759332
1.7813501254041642,0.6304723397974628,1.3352885068368205
1.8013686478170543,0.34844417487103163,0.5108136304791413
1.9837347966997685,-0.6137724013132133,1.014235397560348
0.5536571423311769,1.5655025981949438,1.6213604759872622
2.2912973028221275,-0.8042649617837423,1.0990462639469851
0.721051618782182,0.1908868260569312,1.3883101788010956
1.2701634924397927,-0.8424672584471882,0.9438671509317158
