x_km,y_km,z_km
0.10334884061694449,2.2612495764296003,1.3236947749630896
-0.8799865493556747,0.5062783305333571,1.023376105899722
0.11570486489502985,1.5736665610106098,0.5751514327137739
-0.5459118774957554,-0.4154051429759722,0.7735917483296837
-0.8377066687805774,0.25683873366835996,1.3385914604078115
-0.40535859954075537,1.2518126837292929,0.9138962229530101
-0.9397720058686372,1.0027034923452387,1.9907446609712658
-0.782328522159303,0.2807695615361765,1.3004733426564026
