x_km,y_km,z_km
-0.6360918228419499,-1.930334732463842,0.20780378847492886
0.5641604358672758,0.47503425723576953,0.028151131860864487
0.41097613181144954,-0.3931650769550856,0.6975277100196424
0.34564228487637205,0.11852715772422062,1.1332432283023706
-1.5552657584088632,-1.5492777688838837,0.7806131682763886
0.2961022393090458,0.22654728749617314,1.4629438072041419
-0.4798120773338619,-1.2473088343593064,1.0922564763879987
-1.0109877393193196,-1.9575939906025024,0.8033706770161979
