x_km,y_km,z_km
-0.956758031816229,0.7620609912316327,1.0348647794194725
-1.684472186219601,0.08979332424161335,0.9163986142373466
0.44095628582106805,2.115390722007181,1.875902387749074
2.2086286921329776,0.48968593281753847,1.7299085940549448
1.7586878774428003,0.3707818511705496,1.519114291439632
0.23392587254639352,1.224014016586192,0.3176161350133482
1.0897854019247344,0.9802561059439787,1.315781161651944
-1.2532374406712004,1.8350590947583179,0.3629427972883168
