x_km,y_km,z_km
1.6967481055164022,-0.12010794040475492,1.976986607431335
0.568055369793635,-0.21661277287639447,0.07578528812907481
1.1505022922118444,-0.5825023764169064,1.1265959247197324
1.8861006769839248,-0.868311711667404,0.043183019484215546
1.8486005433048032,-1.4623511764867225,1.8899559953653733
1.7290245057699956,1.249175269472738,1.6875053866332486
1.8055318585458648,1.801088958418669,1.8698452442780429
1.555848775908422,0.5832017554186404,1.9043597959112877
