x_km,y_km,z_km
-0.8573190945952884,-1.2790220331768842,0.2830418430260164
-1.7623642295059971,0.021484027920324777,1.6270039542992654
0.3438180487331195,-1.6396768900329373,0.7363861500576394
2.0621530934588126,-1.2860628940924224,1.1184330162153564
-1.8785446086619255,0.8298021283612078,0.9902212722490127
-2.1962532092611413,-1.5873791280105487,0.22997504461352403
1.2130598725061392,-1.4069976622283287,0.14810829639601142
-2.4221889288874916,-0.8540043646875062,0.6554636922230859
