x_km,y_km,z_km
0.05586632086829901,-0.299997749691177,0.03764710416681716
-2.0079192056649116,-0.6555123677762165,1.4818771720083606
0.5597251002032291,-1.0823713458387851,0.8501772345950571
-0.3531770974668511,-0.8526596079554487,0.4219917851869097
-1.0075807765262073,-0.27983707170258,0.8382943421972513
1.156606252461203,-1.9434675894093356,0.6193229730624596
1.7749222294823754,-1.9482631388308262,0.611390624568086
0.5092073763270393,-0.042821814352491216,1.1238854074773696
