x_km,y_km,z_km
0.624468632080593,-1.2314243873900899,0.8479216340673685
-0.34044566906186535,-0.25649955973361926,0.6433504032677211
-0.6707976805272735,1.3230324311543202,0.9824475324718198
0.2497103562123817,1.993501726683478,1.682807451964044
2.310476924288386,-2.164864779681505,1.4760868688922257
0.6510177028318416,-0.11628756526582862,1.0427692634558694
-1.1272056254985934,0.00838609199697915,0.602669953933517
1.3837688637090833,-1.9009559272861813,1.8511691054176636
