x_km,y_km,z_km
-0.9696507549412563,1.3763031691083332,1.4513904774818158
-1.4397232183061397,1.156824631639549,0.642182501111735
-1.0589731421282988,-1.9944291644736833,0.9196116230110667
-0.052849029535473324,-0.22287528040840598,1.196861879760456
-0.9924110571030349,-0.2628846895098391,0.5586370294097533
-1.1541358826472714,-1.0054295306372536,0.6505068641200795
-0.04667142449221107,-1.9114716070408218,1.5352537922826355
-0.6426757465485315,1.5031975170584024,1.7948544592309696
