x_km,y_km,z_km
-2.0009367151951247,0.3137993895817264,0.9099322253426929
-1.6491938150267709,2.388472043183352,1.3787578816898969
0.39934512966383284,-1.107106724367168,1.0353853486729072
-1.6679015861406,-1.6535574537010311,0.27278134977849766
-0.6325675101587143,-0.12394576661998391,1.0129285824105774
-2.099877154998376,2.2282743372095872,0.3790740828658832
-1.0216400806611907,1.1815962613045556,1.0937701270535933
-0.7800890086811274,-1.7856163292059208,0.49669215398045896
