x_km,y_km,z_km
1.3737063026900649,0.4575140977427319,0.6896876770397224
0.5148408549369137,1.0706672503847976,1.6945068854705827
-1.233994600117279,0.15944463218908345,0.23147318492431923
-0.009978465141575743,0.31031938671468495,0.7302791182930899
-0.7437148175566133,0.5790707457853932,0.9750415378482762
-2.3868450601319138,1.1260781566124538,0.6381890334549598
1.8040778331906884,0.27778156410694965,0.5355237662241736
-1.4020934505065008,1.8848214953169586,0.8956397313045026
