x_km,y_km,z_km
0.8229408117049832,0.3511854136658825,0.4436438010911885
-1.4403529674678501,-0.7914911522703623,0.8056525763885236
0.09441183759564753,1.539273715662314,0.7858596687606736
1.0251087232831702,1.6231087067294876,0.26049256673020316
-0.2311855584908038,-0.44767665081671204,0.8413193535053316
1.4884582334623433,0.6042680333666697,1.263753199557172
-0.1367284974303451,0.10854676583660527,1.141713276682868
1.6196255853597776,1.9560281717550865,1.3625599144035028
