x_km,y_km,z_km
-0.0779750275929243,-0.924486391508621,0.9093782226976861
1.9860098939613264,0.5115660877997206,0.5426313942268313
-1.0522349164404505,-1.8190189501632474,1.3271074552745181
-2.1289940103616463,0.755897250340575,1.3935460750655504
-0.9352121729344547,0.46862725972468366,1.6881936612961965
0.5623066406168773,0.34119182709920715,0.1336464621709641
-0.7190570769694822,-0.5536578651038542,0.7707923425962062
-0.26005436534494386,-0.3443736025945525,0.9476254905136878
