x_km,y_km,z_km
0.30095540690231015,-1.6937994076826164,1.1420608477416994
-1.4086041176387547,-1.8285544049103941,1.7815938620194514
-2.1712156995107827,-1.7932051978374837,0.5298284129565609
1.1623775059732462,-0.8598145193806894,1.3249337950199025
-0.653578647250852,-0.6476972550279863,1.174003487650656
1.412573566637843,-1.4633723128711729,1.2832412588946058
-1.7266799204522132,-0.8878601244458877,0.6201276120223647
0.803891611605803,-1.0969941660342142,0.8471808108524275
