x_km,y_km,z_km
-0.28884332863413453,0.8017006149042571,1.3949487630817596
-0.7364677365490273,0.6716879741925497,0.27785976018956604
-1.037759342094096,-0.2786590212164173,0.29535398655231093
1.0030807274667328,-1.9094113661295065,1.5158849702742585
-0.27344921727965676,-0.5688733805261053,1.056809781479235
0.019905572134552685,-1.1101138185577581,1.9977137930754485
-0.10950249409807888,1.4305102145706545,1.333477087451533
1.982716301618387,-1.194817972915596,1.5601871408921497
