x_km,y_km,z_km
0.6102936112248951,0.4859364164927156,0.12101750769984876
-0.04004382201150136,-1.3272243325267685,0.10662353924468593
1.30733555942495,-0.7384079202702309,0.024425965374397673
-1.026758359565096,-0.3389278878375479,1.7854129418324989
1.5642024444112863,-0.5444657443422973,1.278400246738459
-1.0004857609162665,1.3408369722973683,0.8701697007974103
-0.5595922892241867,0.999439753257187,1.5647685317705373
-0.8102716244634878,-0.7741995668483448,0.6857648882092466
