x_km,y_km,z_km
-0.4424473771292887,0.44506509647618486,0.751438255595468
-1.4247788408953483,0.3763918199697427,0.03539338985990281
-2.4147576516018536,0.5919296333582307,0.3143167188857128
0.6684062233876364,-1.0911063204266451,1.4230017425376715
-0.46100746256556535,-0.4157120194743946,0.21711769384881552
-0.4654893040780861,-0.6709947333071593,1.523569463002176
-0.6736007138131306,-1.6967254204415139,0.8870118428885025
-0.08458072532921257,-2.122697441416561,0.22376350196555084
