x_km,y_km,z_km
0.20380501041146237,-0.8326761347953742,0.28693854139268216
1.7831912908703789,0.12491859731240895,1.9570304032030894
1.115288474603986,2.4989230165148175,0.7274445326411219
0.5399939975534656,1.9336959138938346,0.7407365993066841
-0.3331468746815953,-0.4058016545626457,1.9138350280834917
1.0191475290951058,1.4487410282940036,0.8537698979496944
1.8759786276914632,0.09661418092494367,0.7372237855800341
0.451546600253518,0.172913683413781,1.0278514196351178
