x_km,y_km,z_km
-1.806799428640153,-0.13021205081260945,0.8611680249766698
-1.289531271112934,1.6433286560532743,0.15609477597814347
-2.0327839707524076,1.7114927754122924,1.2631332966913542
-2.0467983543555137,2.108927779716473,0.5398872431605433
-1.3220230965498203,0.8605798442681478,1.3924607034104899
-1.4282107395886134,0.09233045185902622,1.2405085672616563
0.6778583100992264,2.0143629816254736,0.3255343620404687
-0.24067195130156094,2.3652566948123095,0.7817717555273933
