x_km,y_km,z_km
-0.8426664278222284,0.17858692716691715,1.6998482929960748
-1.3043153251850337,-0.5837153001603634,1.9576491458204968
-0.8343062019673531,-0.9429350985605323,1.9087580012139642
-0.44387863826359064,1.2709026785831536,1.599221748290408
1.164735223808599,0.9537101302937092,1.179556237724773
0.5295851453502243,2.283892961327771,0.904299496673739
2.051910300828827,0.15845960320243613,1.533903466323207
0.1464661899849613,1.2468871307980405,1.4670385239935668
