x_km,y_km,z_km
1.1112459677533275,0.8647854974570968,1.750412421508833
-0.32059474503971996,1.440196155191169,0.35086720723425224
-0.3715080860905591,1.9263636350377835,1.5696346004822639
0.3447035189774321,0.23298610989278856,0.8074763269915386
-0.5713687666726948,-0.10747612790895111,0.8408385715236699
0.3282022513994942,-0.7497531516141598,0.38707378235059786
0.13431306911484953,0.38614497124663405,1.473899215011209
-0.7821053522051624,2.303491446824113,1.4559390728103228
