x_km,y_km,z_km
1.5037331740992101,0.6035471327520172,1.0331427497234962
-1.3662789638908497,1.7603404694294937,0.6652128760062308
0.40850336247148267,0.6929607335527082,1.57275945935765
0.17884427245845602,0.45910772359596663,0.7240348861907271
-0.6738998420493787,1.2134992108772034,1.0376202796310314
2.206189112892841,1.153504933777155,1.0305133816268086
0.5591600215206278,1.292048219361245,1.1841921741677852
1.8032814053354382,0.815413963511447,0.4973857750030368
