x_km,y_km,z_km
1.4389471043362088,1.5882192314451187,1.271929772139063
1.3144824139900466,-1.2342918057942942,0.3686591936454262
1.1217960738419142,0.9014364380010025,0.5607301764422197
0.861958825342855,0.9062799957393954,0.09615946297623612
1.4637392284191386,1.1216293654162217,0.20394072294111054
0.07212895711857747,-0.18295965361333222,0.9853831578792165
1.184806149856339,-0.00030863129089020447,1.1081016049261783
1.460226456326155,2.1831375231164616,0.40441747348640655
