x_km,y_km,z_km
1.0301386518550193,-1.7032979407784932,0.8163692201869435
1.6383367086817406,-1.6784389607179233,0.8430264229779068
-1.0401635535737885,-0.8972505860046436,0.3049957852071734
-0.33295690837760583,-0.284723177406371,0.1507828107191258
0.534877973192927,-1.3654902363200154,0.5997432288583406
-0.8317522785250935,-1.1049612223011747,0.7524789976883337
-0.44156674098385906,-1.439470825769662,1.4209343172722226
1.3237285765107316,-2.1280484672149864,1.9816100006718973
