x_km,y_km,z_km
0.7429278096231915,1.8764384382612835,0.1688947725556047
0.6503458722325783,1.4560068202980938,0.7296452385760677
-1.6580468047227486,-1.0754421929661562,1.1992835089348874
-1.0537387392059727,0.2010080091175248,1.3512153398404105
-0.651622320618666,-0.07716380023730585,0.670386724641681
-0.7151271425984629,-1.3499467400836052,0.342733979682859
1.6759677168009706,2.3741898547449587,0.03073432058330483
0.4887769242288389,0.22569886762112645,0.8100301573832378
