x_km,y_km,z_km
0.20822212421927988,-0.9280157795594164,0.6623679121750199
2.271232814469747,-0.8050522665205884,0.9469392970946395
0.9826601614338166,-0.8777967207843607,1.754447097613568
0.8933486449704677,-1.5820665536823264,0.9466837880607233
2.14645653820556,-1.9014865090101392,0.7697720120191367
2.144292813523893,-0.5777004676703212,0.6832284120021623
2.3652820840375792,0.02267856603027374,0.5025311642914982
1.5942991151655228,-0.9209643906114329,0.6167178901738346
