x_km,y_km,z_km
1.8075329654201102,0.21450318760498233,0.42646860796085106
2.040971657143287,-0.3522751440009002,0.7397645783181537
1.20974272666373,0.4279106324559496,0.13953515850328624
-0.47756994487058346,0.25492677721649404,0.8188012038456436
0.5252410508434853,0.06533752463881592,0.3435946019164158
-0.6472946214705573,0.09702821733218236,1.4614662590227532
-0.14783485658457707,0.2627485543434558,0.578214848403263
-0.6968774307193604,-0.2318040919443085,0.3747781351786068
