x_km,y_km,z_km
1.0704821568637701,0.46948856503025915,0.5573975109197957
-0.006500728912616882,1.6981892620837407,0.4429108806199289
0.05048182237057919,-1.6334409720666194,0.6735105994960897
-0.36673045190899956,1.0548447533401357,1.7977396698375743
0.24506210872749,-0.7451756737959581,1.1237203756129572
-0.15655787233591356,-2.2410486947434327,0.7310185757241752
-0.47367296929771197,1.838297166548882,1.1545734198672264
0.08436329517252261,0.3651820607289116,1.052301666824161
