x_km,y_km,z_km
-1.5048210201226742,0.16961626863458656,0.26950423877498153
1.1112458354194676,0.39686432857356735,1.7841583752064913
-1.0246441141131362,-0.15615325911408462,1.1902351743064306
0.19922626595200876,-0.220399049646689,1.9587049172843594
-1.8704352478972393,-2.1092318516783113,1.4980765189966914
-2.343510177476547,-1.2322728240995051,0.393862158438852
-0.5376456031707959,-1.0632957919265014,0.2337426840221548
-1.8925059662663584,-0.276268928505607,1.1509309159708507
