x_km,y_km,z_km
1.4441042617693096,-0.4450740033614471,0.4977470852313388
1.0947361510394908,-1.55798443773363,0.19636181918327922
1.0767101252644746,-1.952086534315725,0.519237787356408
-0.020556972312471,-0.545516557087643,1.313179603293565
-0.3528708271416896,1.2024098065970188,0.9791817891544496
0.3729068235398243,0.2226455002420713,1.2800698256294507
-0.8340428200623777,2.249722384904665,1.5886110342343631
-0.3854573942312447,-1.434721697874265,1.2527582415675982
