x_km,y_km,z_km
-0.9301983003582297,1.2412793337720416,0.9033635448940034
-0.2469172848579615,2.269022905818514,0.4976243856742417
0.4912869103744937,-0.3661423688059937,1.8573584309364313
-0.8104762842055724,0.5087826017922121,1.054399407081108
-0.14630960808488913,0.29036812852183447,1.2579570684491237
-0.5372837014655123,2.200257631680115,0.020219311124868522
-1.1291051286844382,0.020278646103192965,1.0045224987298287
0.10612956255595929,-0.059986936795510815,0.00781553119067846
