x_km,y_km,z_km
-0.6008893254429337,-1.3394003126962999,0.4511917397767464
-0.5501270023949494,-1.0999056217596177,1.2735056744299293
-0.7557959415657618,-0.36803807246080833,1.6157813278555373
0.16300579202401577,-1.0706913131018592,0.9147215131948863
-0.569152060095186,1.1484032807212117,0.7416723182933687
-1.0449533661940091,-0.08304398881129282,1.4114738764477983
-1.2803538052888708,1.921892078878419,0.48229046023248534
0.5861129181894675,-0.9528871368204284,1.6586547167832728
