x_km,y_km,z_km
1.5806306494920115,0.3793518309340751,1.3367929244566776
-0.5879359804599504,-1.2416487212867966,1.0053855076484517
0.3396969920495856,1.4122405156476905,0.4563250174370428
-2.2893498784316444,-0.9847887114480831,0.971137831371323
0.28903447905133595,0.9344642896936524,1.3963280381636816
-1.440904895565565,-0.40205383495311997,1.6884960293086075
-0.3325413298441058,-0.2782322209507204,0.9654845675564452
0.6359947121728036,1.717012665750338,0.5012849049099732
