x_km,y_km,z_km
-1.108233555053848,1.3241604997093215,1.0703872659669549
-0.9094927336324803,-0.5207176324458422,1.0199204260012034
-1.6396462714852182,0.5463965321083282,1.3565909701323215
-0.867190697653422,1.3149950130848858,1.56168574054124
-0.7571172202346372,-0.3719557013387713,0.8829749820544626
-0.5271862929877735,-0.6285782474876394,0.04984666424319739
0.8349730684668599,-1.1413436872957545,1.5060388058060967
0.8332680876930176,-0.3124731904637561,0.5571561932311
