x_km,y_km,z_km
-0.5837864144308718,0.5059817164951297,1.4615332550975075
-1.9180691074822005,0.5493687788668011,0.1741117827506422
-1.1648639122581255,0.7157653359628959,1.3711388662022783
0.592031495421832,0.7885320149811048,0.7618439879031458
1.4607910439513567,0.4680637446541551,0.46667865793710295
-0.9871173463443723,2.1082579411820577,0.8520014633880297
-1.2196751824593317,1.6702295205481308,0.9940721980614935
1.472447325961718,-0.34712138843129736,0.32936401962857365
