x_km,y_km,z_km
0.7701045913711173,0.1077971886626603,0.38184207195265096
0.1796398058299271,1.7089859218998331,1.5499160643767331
-0.09444328419120929,0.5668137498695369,1.500134276288599
0.5115602230486704,2.4136531912433634,0.3594305293597666
0.049221256872705066,2.1555302180044427,1.3107482717036865
1.1855131331682505,2.464760975673955,1.963079755296545
0.6415153681552037,-1.1961568506898241,0.6971525657801474
-0.16590125400388267,-1.4657728756462012,1.843492905067721
