x_km,y_km,z_km
1.7770319209105896,-0.7505059671647323,0.07444990780154725
0.5929412404309211,-1.4044303258364317,1.5678356132581943
0.13724406571281378,1.6363691118535453,1.3935071556483178
0.6412012674188099,-0.29733385932204426,0.652147300316914
1.6803261442883901,0.018301824822862578,0.833422443934569
0.12888172656526686,0.3199529633658331,1.8185281746069262
-0.6701957155374116,0.1505921171575979,0.864161028988081
0.7772141195984741,-1.49366381318488,0.5747552632895412
