x_km,y_km,z_km
-1.8381146928475682,-2.4289389588753156,1.3481333163768114
-0.3016693889493731,-2.4936382088674596,1.9662558420447984
-1.2795553869438436,0.21220765257124352,1.950974558075178
0.06165851121535404,-2.0057816944922324,0.4262123800319104
-1.3660967914326683,-1.3654077507339228,1.0075218729874917
0.053031724504493116,-1.8658215840718118,0.682992378360797
-0.9517572172753468,-0.27556441988631386,1.149763559489336
-0.1525102504641982,-1.207389195438019,1.0290293505710622
