x_km,y_km,z_km
0.7644012948674774,0.6823663824924138,0.566060321200518
1.9898847365426322,-0.10204043315193045,1.054707719156808
2.0159201645556193,1.8251504703516472,0.7531221180650935
1.381084021582664,1.7387954513059514,0.6913596111750193
1.9650290182118546,1.3055597282069469,1.0800997395923093
-0.5307993782031288,0.6268632948084112,0.9637051963399328
1.8305789296984214,1.759738344580776,0.1612384800686184
-1.1865337598734733,0.33948648783054836,0.4040375354266448
