x_km,y_km,z_km
0.8531888822666271,-1.2921064015227053,0.16569420977625415
0.11184564396482077,1.2821048096259693,0.948182979222784
0.9349921773150278,1.0910954523206033,0.16172453435640355
0.45955574120432363,-1.5247190629341882,0.9424266315441585
-1.1008870148400596,1.3626352686830003,1.3974235747644317
0.7595635460435362,0.08646301227768927,1.0040345377095337
1.0533633009104095,-1.0533309678179226,0.8970719472052753
0.8245918774355903,-1.743631985763443,0.3091257554549336
