x_km,y_km,z_km
-2.4777560065772013,-0.7787075759149664,1.0344075731910691
-1.5193117603725343,-0.6807071248643048,0.7800274989329867
-1.182670584265827,0.23888732420328918,0.031346953304865144
-1.7778800263398886,0.7195870938368722,0.0019962804025945857
-2.309846691373205,0.3632544602272998,0.8706876266702386
-1.786229407629355,0.8205286221908477,1.0861511791500367
-2.1179847999463064,0.14474065648086576,1.1862385214310767
-0.18657589076998704,0.5004543137715767,1.0135438485980952
