x_km,y_km,z_km
-1.1154614793509916,-0.18900141439152218,0.7665304053039854
0.7473595943637577,-1.506753831078811,0.8538492942898714
1.2156133498758215,-0.8895832893453641,1.3524783837496157
0.20361043134430812,-0.08109492618572256,0.39253848726116547
0.5336432957015957,-0.8610275108978334,0.794894371997199
-0.9737553397808414,2.2575221292312797,0.5937330872238775
1.86502115577896,-1.8184777423158693,0.9686440374026737
-0.4908690851207522,0.9012652586114411,0.2743429964550581
