x_km,y_km,z_km
-2.4172001518384407,-1.603913384335283,1.8981272161965124
-1.1872635392049742,-1.6202265431587337,1.4201911929394413
-0.29282120048395566,-0.8710795210374778,0.2780375243328821
-0.9290060477962974,0.32681200648413267,0.2553942851952853
-1.3571031898529784,0.9539287008589525,0.8753011565290456
-0.008551319058090812,1.0767263253850108,0.6792704540538326
-0.004043204123886923,2.0217693312388736,1.7543478114718596
-1.706659097124248,-0.940066339302768,0.7322919808768591
