x_km,y_km,z_km
1.820179240177806,1.8849919738448886,0.37682946594369926
-0.35108473099933324,-0.44131354217303675,0.7363687915146873
1.109190423175706,1.0173120222794112,0.2556401123247749
0.1427780086942394,0.1991153177348597,1.4508148385646786
0.9448073200902223,1.1941921746573452,1.8488034572275938
-1.4795340057015034,1.2302584218515866,1.5206556286125823
-0.7194911082930506,1.3408910854484364,1.5624185949707448
0.5281730465934489,0.4974923238837379,0.1777090243190491
