x_km,y_km,z_km
0.1331496285654623,1.5304651735846688,1.7066873438476748
0.6769805885334716,0.8959747770208066,0.9257836247781668
-0.7750003010894402,1.8900221103747743,1.3857730392267136
-2.3235602101376163,1.5246252765696608,1.3823141512573496
0.9228780850338487,-0.5854616431887594,0.3342574490083081
1.4080931573803563,0.06340371260496003,1.3616538894423784
-1.2144760916890307,2.0758288777878864,1.6945938192228653
1.8151779053521828,0.46139075112152295,0.47006644045043977
