x_km,y_km,z_km
0.9785507903797313,-0.6493366687544755,1.4393856959161044
0.7971800983341817,-1.6953176613596432,1.6446711283613333
1.3917962716297332,-2.359898631950872,1.8124937916882464
-1.0535878318597462,0.6382224611749825,1.0768986582878752
-2.3473492794587147,0.08560139193631056,0.9384908568207124
-0.2646459740966205,1.5071204396053837,0.5589315266050336
-1.308178014351714,1.852871705532765,1.1880248033165652
0.4673954070234214,0.2865688632648795,0.8788267905537872
