x_km,y_km,z_km
0.5860507144385583,0.5686888081009172,0.6564346561626007
-2.3486274958808866,-1.3996995393312202,0.8198706787566448
-1.4016547144042217,0.29565260301718954,1.5246671920262216
-0.10730673676693492,0.2503538058404242,1.6515556739178698
-1.5723725036577756,-1.3751989317141944,1.8803463869504278
0.3589952936989387,1.388281984649029,0.43728474220195257
-1.663765207650452,0.29840460869125973,0.13513170369387506
-0.5386686171710258,-0.850686693588939,1.4510121275231198
