x_km,y_km,z_km
1.6352035375783665,-1.1570488364834142,1.2967291589538532
0.034454907277222,-1.7697054226535902,0.0264393018614546
1.1387569032052158,1.1683415732992266,0.7183730202478222
2.275216853034065,0.22681099359183765,1.2162906715510322
1.7697221329301849,0.3837787488590867,0.07041021675028203
2.476341651528177,-0.04335436716965724,1.0205432657390066
1.0898539991154932,-0.7305868719372794,0.6382345232904765
0.9446744636213755,-1.093072692111134,0.5855594541768672
