x_km,y_km,z_km
-2.3351880354629384,-1.6560736986334263,1.324447520595326
-1.8384145469061246,-0.7212182000418188,1.7092040819330112
-0.7306843603333923,-0.5725975931203564,1.2407218473550043
-0.43772601563381386,-0.5324049284526295,1.7605189906774208
-2.3763356781645353,0.36722138523291736,1.1114502054698883
1.0279043530773913,0.30976346297760093,0.35946539039449665
2.159891287706051,0.3412062799134774,0.909833136024059
-0.010456366843424991,-0.7521772173850265,0.24735833198779056
