x_km,y_km,z_km
-2.169608770749539,-2.2827513118237737,0.8820930503238091
-1.844031737221175,-1.2974912530142118,0.9909059919378296
-0.5144139063207658,-0.6962282048884516,0.7984221828482689
1.0571389905696407,-1.651784589884548,0.8499535747527815
-0.07436207462290279,-1.1405634369557682,1.3042019512504157
1.9478868736691979,-1.5010559459070094,1.1861733592819175
-1.1572430379398297,-1.3549589690891355,1.3600464888457615
2.4814746073373914,-1.9694977079837561,0.06594643558686242
